{"cameraMode":{"drawMode":0,"name":"Shaded","section":"Shading Mode"},"sceneLighting":true,"audioPlay":false,"sceneViewState":{"showFog":true,"showMaterialUpdate":false,"showSkybox":true,"showFlares":true,"showImageEffects":true,"showParticleSystems":true},"in2DMode":false,"pivot":{"x":-0.9972896575927734,"y":0.016614776104688646,"z":0.787719190120697},"rotation":{"x":-0.07962346076965332,"y":0.7024001479148865,"z":-0.07957519590854645,"w":-0.702824592590332},"size":3.913983106613159,"orthographic":false}